Name,Email,Dars,Statement,Date,Address

qwer,qwer@miamioh.edu,,,04undefined28undefined2020,
qwer,qwer@miamioh.edu,,,04undefined28undefined2020,
qwer,qwer@miamioh.edu,,,04undefined28undefined2020,
qwer,qwer@miamioh.edu,C:\fakepath\index.html,C:\fakepath\pdf.pdf,04undefined28undefined2020,qwerqwer1234qwer
qwer,qwer@miamioh.edu,C:\fakepath\index.html,C:\fakepath\pdf.pdf,04undefined28undefined2020,qwerqwer1234qwer
qwer,qwer@miamioh.edu,C:\fakepath\index.html,C:\fakepath\pdf.pdf,04undefined28undefined2020,qwerqwer1234qwer
qwer,qwer@miamioh.edu,C:\fakepath\index.html,C:\fakepath\pdf.pdf,04undefined28undefined2020,qwerqwer1234qwer
qwer,qwer@miamioh.edu,C:\fakepath\index.html,C:\fakepath\pdf.pdf,04undefined28undefined2020,qwer, qwer44444, qwer
qwer,qwer@miamioh.edu,C:\fakepath\index.html,C:\fakepath\pdf.pdf,04undefined28undefined2020,qwer, qwer44444, qwer
qwer,qwer@miamioh.edu,C:\fakepath\index.html,C:\fakepath\pdf.pdf,04undefined28undefined2020,qwer, qwer44444, qwer
qwer,qwer@miamioh.edu,C:\fakepath\index.html,C:\fakepath\pdf.pdf,04undefined28undefined2020,qwer, qwer44444, qwer
qwer,qwer@miamioh.edu,C:\fakepath\index.html,C:\fakepath\pdf.pdf,04undefined28undefined2020,qwer qwer 1234123412341234 qwer
qwer,qwer@miamioh.edu,C:\fakepath\index.html,C:\fakepath\pdf.pdf,04undefined28undefined2020,qwer qwer 1234123412341234 qwer
qwer,qwer@miamioh.edu,C:\fakepath\index.html,C:\fakepath\pdf.pdf,04undefined28undefined2020,qwer qwer 1234123412341234 qwer